x,y,angle,class_id, octave,response,size
4,3,-1.000000000000000,-1,0,7,7
4,5,-1.000000000000000,-1,0,8,7
3,29,-1.000000000000000,-1,0,10,7
69,33,-1.000000000000000,-1,0,34,7
157,5,-1.000000000000000,-1,0,8,7
156,16,-1.000000000000000,-1,0,12,7
151,17,-1.000000000000000,-1,0,7,7
155,22,-1.000000000000000,-1,0,12,7
158,4,-1.000000000000000,-1,0,9,7
160,4,-1.000000000000000,-1,0,8,7
169,8,-1.000000000000000,-1,0,7,7
163,9,-1.000000000000000,-1,0,7,7
158,21,-1.000000000000000,-1,0,7,7
167,33,-1.000000000000000,-1,0,7,7
274,13,-1.000000000000000,-1,0,7,7
283,3,-1.000000000000000,-1,0,7,7
286,14,-1.000000000000000,-1,0,7,7
343,6,-1.000000000000000,-1,0,85,7
360,3,-1.000000000000000,-1,0,21,7
369,4,-1.000000000000000,-1,0,46,7
360,6,-1.000000000000000,-1,0,25,7
368,7,-1.000000000000000,-1,0,50,7
344,8,-1.000000000000000,-1,0,74,7
344,10,-1.000000000000000,-1,0,64,7
369,10,-1.000000000000000,-1,0,37,7
360,13,-1.000000000000000,-1,0,34,7
368,14,-1.000000000000000,-1,0,37,7
370,15,-1.000000000000000,-1,0,45,7
362,21,-1.000000000000000,-1,0,37,7
11,52,-1.000000000000000,-1,0,76,7
3,54,-1.000000000000000,-1,0,20,7
64,46,-1.000000000000000,-1,0,43,7
60,48,-1.000000000000000,-1,0,23,7
69,34,-1.000000000000000,-1,0,48,7
66,40,-1.000000000000000,-1,0,21,7
65,46,-1.000000000000000,-1,0,58,7
71,46,-1.000000000000000,-1,0,37,7
115,51,-1.000000000000000,-1,0,9,7
126,54,-1.000000000000000,-1,0,7,7
119,60,-1.000000000000000,-1,0,7,7
148,51,-1.000000000000000,-1,0,34,7
154,53,-1.000000000000000,-1,0,25,7
148,59,-1.000000000000000,-1,0,26,7
147,64,-1.000000000000000,-1,0,26,7
158,39,-1.000000000000000,-1,0,7,7
170,49,-1.000000000000000,-1,0,7,7
158,59,-1.000000000000000,-1,0,7,7
187,61,-1.000000000000000,-1,0,12,7
215,51,-1.000000000000000,-1,0,20,7
217,57,-1.000000000000000,-1,0,28,7
234,64,-1.000000000000000,-1,0,8,7
274,64,-1.000000000000000,-1,0,23,7
342,40,-1.000000000000000,-1,0,82,7
346,38,-1.000000000000000,-1,0,109,7
368,48,-1.000000000000000,-1,0,28,7
364,52,-1.000000000000000,-1,0,30,7
378,58,-1.000000000000000,-1,0,13,7
387,59,-1.000000000000000,-1,0,17,7
19,93,-1.000000000000000,-1,0,15,7
63,88,-1.000000000000000,-1,0,13,7
57,89,-1.000000000000000,-1,0,7,7
60,89,-1.000000000000000,-1,0,7,7
60,92,-1.000000000000000,-1,0,11,7
58,94,-1.000000000000000,-1,0,16,7
62,94,-1.000000000000000,-1,0,8,7
36,95,-1.000000000000000,-1,0,12,7
41,95,-1.000000000000000,-1,0,8,7
79,68,-1.000000000000000,-1,0,17,7
83,70,-1.000000000000000,-1,0,9,7
77,71,-1.000000000000000,-1,0,11,7
71,72,-1.000000000000000,-1,0,14,7
73,75,-1.000000000000000,-1,0,7,7
77,75,-1.000000000000000,-1,0,18,7
93,76,-1.000000000000000,-1,0,7,7
74,80,-1.000000000000000,-1,0,10,7
77,81,-1.000000000000000,-1,0,16,7
80,81,-1.000000000000000,-1,0,8,7
74,82,-1.000000000000000,-1,0,9,7
95,85,-1.000000000000000,-1,0,9,7
70,86,-1.000000000000000,-1,0,10,7
87,86,-1.000000000000000,-1,0,14,7
81,87,-1.000000000000000,-1,0,12,7
73,88,-1.000000000000000,-1,0,13,7
70,89,-1.000000000000000,-1,0,13,7
67,90,-1.000000000000000,-1,0,13,7
83,90,-1.000000000000000,-1,0,11,7
76,91,-1.000000000000000,-1,0,15,7
81,91,-1.000000000000000,-1,0,8,7
91,91,-1.000000000000000,-1,0,12,7
94,91,-1.000000000000000,-1,0,9,7
76,93,-1.000000000000000,-1,0,7,7
78,94,-1.000000000000000,-1,0,11,7
89,94,-1.000000000000000,-1,0,8,7
69,95,-1.000000000000000,-1,0,9,7
81,95,-1.000000000000000,-1,0,8,7
107,74,-1.000000000000000,-1,0,7,7
109,74,-1.000000000000000,-1,0,7,7
124,74,-1.000000000000000,-1,0,10,7
103,75,-1.000000000000000,-1,0,8,7
105,75,-1.000000000000000,-1,0,7,7
97,76,-1.000000000000000,-1,0,9,7
108,83,-1.000000000000000,-1,0,8,7
123,83,-1.000000000000000,-1,0,11,7
113,84,-1.000000000000000,-1,0,9,7
115,84,-1.000000000000000,-1,0,10,7
119,84,-1.000000000000000,-1,0,11,7
98,85,-1.000000000000000,-1,0,11,7
102,85,-1.000000000000000,-1,0,11,7
106,85,-1.000000000000000,-1,0,7,7
109,86,-1.000000000000000,-1,0,15,7
98,87,-1.000000000000000,-1,0,11,7
117,88,-1.000000000000000,-1,0,7,7
114,89,-1.000000000000000,-1,0,18,7
125,89,-1.000000000000000,-1,0,12,7
108,90,-1.000000000000000,-1,0,8,7
119,90,-1.000000000000000,-1,0,7,7
104,91,-1.000000000000000,-1,0,12,7
110,91,-1.000000000000000,-1,0,8,7
119,93,-1.000000000000000,-1,0,10,7
99,94,-1.000000000000000,-1,0,12,7
105,95,-1.000000000000000,-1,0,12,7
110,95,-1.000000000000000,-1,0,9,7
146,65,-1.000000000000000,-1,0,26,7
151,66,-1.000000000000000,-1,0,34,7
186,66,-1.000000000000000,-1,0,7,7
188,66,-1.000000000000000,-1,0,8,7
183,71,-1.000000000000000,-1,0,7,7
158,74,-1.000000000000000,-1,0,13,7
176,76,-1.000000000000000,-1,0,7,7
182,78,-1.000000000000000,-1,0,13,7
174,79,-1.000000000000000,-1,0,9,7
169,83,-1.000000000000000,-1,0,9,7
163,85,-1.000000000000000,-1,0,8,7
170,85,-1.000000000000000,-1,0,8,7
188,85,-1.000000000000000,-1,0,7,7
162,87,-1.000000000000000,-1,0,13,7
180,88,-1.000000000000000,-1,0,16,7
188,88,-1.000000000000000,-1,0,12,7
169,89,-1.000000000000000,-1,0,9,7
164,91,-1.000000000000000,-1,0,9,7
170,91,-1.000000000000000,-1,0,11,7
175,91,-1.000000000000000,-1,0,9,7
183,92,-1.000000000000000,-1,0,8,7
187,92,-1.000000000000000,-1,0,8,7
179,94,-1.000000000000000,-1,0,9,7
160,95,-1.000000000000000,-1,0,9,7
200,65,-1.000000000000000,-1,0,9,7
194,66,-1.000000000000000,-1,0,7,7
205,66,-1.000000000000000,-1,0,9,7
215,67,-1.000000000000000,-1,0,9,7
219,67,-1.000000000000000,-1,0,8,7
196,68,-1.000000000000000,-1,0,10,7
190,69,-1.000000000000000,-1,0,9,7
208,69,-1.000000000000000,-1,0,7,7
198,70,-1.000000000000000,-1,0,10,7
210,70,-1.000000000000000,-1,0,10,7
199,75,-1.000000000000000,-1,0,7,7
207,75,-1.000000000000000,-1,0,10,7
209,78,-1.000000000000000,-1,0,13,7
211,78,-1.000000000000000,-1,0,8,7
213,78,-1.000000000000000,-1,0,8,7
194,79,-1.000000000000000,-1,0,12,7
201,79,-1.000000000000000,-1,0,7,7
196,83,-1.000000000000000,-1,0,7,7
200,84,-1.000000000000000,-1,0,8,7
208,84,-1.000000000000000,-1,0,10,7
189,85,-1.000000000000000,-1,0,12,7
211,85,-1.000000000000000,-1,0,7,7
195,86,-1.000000000000000,-1,0,11,7
205,86,-1.000000000000000,-1,0,10,7
193,87,-1.000000000000000,-1,0,18,7
204,88,-1.000000000000000,-1,0,13,7
205,90,-1.000000000000000,-1,0,9,7
203,92,-1.000000000000000,-1,0,9,7
197,93,-1.000000000000000,-1,0,9,7
195,95,-1.000000000000000,-1,0,11,7
220,66,-1.000000000000000,-1,0,8,7
234,68,-1.000000000000000,-1,0,11,7
239,68,-1.000000000000000,-1,0,10,7
243,68,-1.000000000000000,-1,0,12,7
250,68,-1.000000000000000,-1,0,11,7
236,69,-1.000000000000000,-1,0,7,7
222,70,-1.000000000000000,-1,0,8,7
230,70,-1.000000000000000,-1,0,9,7
238,78,-1.000000000000000,-1,0,7,7
228,79,-1.000000000000000,-1,0,16,7
237,81,-1.000000000000000,-1,0,7,7
224,82,-1.000000000000000,-1,0,7,7
223,86,-1.000000000000000,-1,0,12,7
244,87,-1.000000000000000,-1,0,7,7
226,88,-1.000000000000000,-1,0,11,7
224,90,-1.000000000000000,-1,0,13,7
229,90,-1.000000000000000,-1,0,14,7
239,90,-1.000000000000000,-1,0,13,7
234,92,-1.000000000000000,-1,0,12,7
245,94,-1.000000000000000,-1,0,13,7
275,66,-1.000000000000000,-1,0,27,7
280,66,-1.000000000000000,-1,0,43,7
299,73,-1.000000000000000,-1,0,7,7
289,79,-1.000000000000000,-1,0,7,7
307,81,-1.000000000000000,-1,0,8,7
285,87,-1.000000000000000,-1,0,10,7
311,89,-1.000000000000000,-1,0,10,7
289,91,-1.000000000000000,-1,0,8,7
300,92,-1.000000000000000,-1,0,10,7
294,94,-1.000000000000000,-1,0,8,7
304,95,-1.000000000000000,-1,0,7,7
335,78,-1.000000000000000,-1,0,69,7
357,82,-1.000000000000000,-1,0,54,7
363,83,-1.000000000000000,-1,0,67,7
396,65,-1.000000000000000,-1,0,9,7
381,66,-1.000000000000000,-1,0,15,7
388,70,-1.000000000000000,-1,0,11,7
382,75,-1.000000000000000,-1,0,11,7
392,77,-1.000000000000000,-1,0,12,7
396,81,-1.000000000000000,-1,0,10,7
377,82,-1.000000000000000,-1,0,12,7
385,87,-1.000000000000000,-1,0,11,7
388,87,-1.000000000000000,-1,0,19,7
390,88,-1.000000000000000,-1,0,7,7
29,96,-1.000000000000000,-1,0,10,7
9,99,-1.000000000000000,-1,0,16,7
3,100,-1.000000000000000,-1,0,9,7
7,103,-1.000000000000000,-1,0,14,7
4,104,-1.000000000000000,-1,0,13,7
14,106,-1.000000000000000,-1,0,7,7
16,110,-1.000000000000000,-1,0,10,7
13,111,-1.000000000000000,-1,0,11,7
22,112,-1.000000000000000,-1,0,7,7
8,113,-1.000000000000000,-1,0,7,7
19,113,-1.000000000000000,-1,0,7,7
31,114,-1.000000000000000,-1,0,8,7
4,115,-1.000000000000000,-1,0,8,7
19,118,-1.000000000000000,-1,0,10,7
33,119,-1.000000000000000,-1,0,7,7
3,120,-1.000000000000000,-1,0,15,7
9,120,-1.000000000000000,-1,0,13,7
30,120,-1.000000000000000,-1,0,16,7
23,121,-1.000000000000000,-1,0,13,7
6,122,-1.000000000000000,-1,0,13,7
24,124,-1.000000000000000,-1,0,10,7
8,126,-1.000000000000000,-1,0,13,7
19,126,-1.000000000000000,-1,0,8,7
22,126,-1.000000000000000,-1,0,15,7
32,126,-1.000000000000000,-1,0,15,7
53,96,-1.000000000000000,-1,0,8,7
59,96,-1.000000000000000,-1,0,12,7
34,101,-1.000000000000000,-1,0,9,7
38,102,-1.000000000000000,-1,0,8,7
54,102,-1.000000000000000,-1,0,7,7
56,102,-1.000000000000000,-1,0,7,7
55,104,-1.000000000000000,-1,0,10,7
38,105,-1.000000000000000,-1,0,10,7
42,107,-1.000000000000000,-1,0,12,7
62,110,-1.000000000000000,-1,0,9,7
60,111,-1.000000000000000,-1,0,17,7
56,112,-1.000000000000000,-1,0,12,7
51,114,-1.000000000000000,-1,0,7,7
39,115,-1.000000000000000,-1,0,8,7
54,115,-1.000000000000000,-1,0,8,7
57,115,-1.000000000000000,-1,0,10,7
63,115,-1.000000000000000,-1,0,11,7
34,116,-1.000000000000000,-1,0,7,7
48,116,-1.000000000000000,-1,0,11,7
37,118,-1.000000000000000,-1,0,7,7
38,122,-1.000000000000000,-1,0,14,7
42,122,-1.000000000000000,-1,0,11,7
49,122,-1.000000000000000,-1,0,7,7
50,124,-1.000000000000000,-1,0,9,7
61,124,-1.000000000000000,-1,0,10,7
42,125,-1.000000000000000,-1,0,9,7
46,125,-1.000000000000000,-1,0,8,7
34,126,-1.000000000000000,-1,0,8,7
39,126,-1.000000000000000,-1,0,10,7
53,126,-1.000000000000000,-1,0,9,7
94,97,-1.000000000000000,-1,0,12,7
89,100,-1.000000000000000,-1,0,10,7
84,101,-1.000000000000000,-1,0,7,7
88,104,-1.000000000000000,-1,0,8,7
68,105,-1.000000000000000,-1,0,7,7
85,107,-1.000000000000000,-1,0,10,7
76,108,-1.000000000000000,-1,0,10,7
80,108,-1.000000000000000,-1,0,12,7
89,110,-1.000000000000000,-1,0,13,7
69,112,-1.000000000000000,-1,0,10,7
90,113,-1.000000000000000,-1,0,7,7
94,113,-1.000000000000000,-1,0,11,7
92,115,-1.000000000000000,-1,0,11,7
84,117,-1.000000000000000,-1,0,18,7
80,118,-1.000000000000000,-1,0,19,7
94,119,-1.000000000000000,-1,0,8,7
74,120,-1.000000000000000,-1,0,8,7
89,121,-1.000000000000000,-1,0,12,7
83,122,-1.000000000000000,-1,0,7,7
95,122,-1.000000000000000,-1,0,9,7
80,124,-1.000000000000000,-1,0,11,7
70,125,-1.000000000000000,-1,0,9,7
92,125,-1.000000000000000,-1,0,16,7
67,126,-1.000000000000000,-1,0,15,7
77,126,-1.000000000000000,-1,0,9,7
89,126,-1.000000000000000,-1,0,14,7
95,126,-1.000000000000000,-1,0,12,7
110,96,-1.000000000000000,-1,0,10,7
113,97,-1.000000000000000,-1,0,7,7
115,97,-1.000000000000000,-1,0,7,7
124,101,-1.000000000000000,-1,0,8,7
96,102,-1.000000000000000,-1,0,11,7
110,102,-1.000000000000000,-1,0,7,7
105,104,-1.000000000000000,-1,0,7,7
117,104,-1.000000000000000,-1,0,8,7
99,107,-1.000000000000000,-1,0,8,7
122,109,-1.000000000000000,-1,0,7,7
100,110,-1.000000000000000,-1,0,9,7
108,113,-1.000000000000000,-1,0,12,7
99,115,-1.000000000000000,-1,0,8,7
106,115,-1.000000000000000,-1,0,12,7
111,115,-1.000000000000000,-1,0,16,7
121,115,-1.000000000000000,-1,0,7,7
126,116,-1.000000000000000,-1,0,10,7
121,117,-1.000000000000000,-1,0,8,7
124,117,-1.000000000000000,-1,0,10,7
126,119,-1.000000000000000,-1,0,9,7
100,120,-1.000000000000000,-1,0,12,7
104,120,-1.000000000000000,-1,0,10,7
115,120,-1.000000000000000,-1,0,8,7
96,122,-1.000000000000000,-1,0,8,7
120,122,-1.000000000000000,-1,0,9,7
124,123,-1.000000000000000,-1,0,16,7
105,124,-1.000000000000000,-1,0,12,7
96,125,-1.000000000000000,-1,0,9,7
102,125,-1.000000000000000,-1,0,10,7
119,125,-1.000000000000000,-1,0,12,7
128,96,-1.000000000000000,-1,0,8,7
144,96,-1.000000000000000,-1,0,9,7
155,96,-1.000000000000000,-1,0,7,7
157,97,-1.000000000000000,-1,0,9,7
132,98,-1.000000000000000,-1,0,10,7
136,98,-1.000000000000000,-1,0,8,7
139,98,-1.000000000000000,-1,0,9,7
150,99,-1.000000000000000,-1,0,8,7
144,103,-1.000000000000000,-1,0,9,7
134,104,-1.000000000000000,-1,0,14,7
147,104,-1.000000000000000,-1,0,16,7
128,105,-1.000000000000000,-1,0,8,7
132,105,-1.000000000000000,-1,0,9,7
157,105,-1.000000000000000,-1,0,10,7
139,106,-1.000000000000000,-1,0,15,7
152,106,-1.000000000000000,-1,0,10,7
146,107,-1.000000000000000,-1,0,10,7
132,109,-1.000000000000000,-1,0,7,7
144,109,-1.000000000000000,-1,0,15,7
149,109,-1.000000000000000,-1,0,9,7
157,110,-1.000000000000000,-1,0,7,7
135,111,-1.000000000000000,-1,0,7,7
152,112,-1.000000000000000,-1,0,8,7
147,117,-1.000000000000000,-1,0,9,7
150,117,-1.000000000000000,-1,0,8,7
128,118,-1.000000000000000,-1,0,8,7
147,119,-1.000000000000000,-1,0,11,7
152,120,-1.000000000000000,-1,0,19,7
127,121,-1.000000000000000,-1,0,16,7
135,121,-1.000000000000000,-1,0,10,7
143,122,-1.000000000000000,-1,0,16,7
149,122,-1.000000000000000,-1,0,7,7
154,122,-1.000000000000000,-1,0,15,7
136,125,-1.000000000000000,-1,0,14,7
146,125,-1.000000000000000,-1,0,14,7
157,125,-1.000000000000000,-1,0,8,7
160,96,-1.000000000000000,-1,0,19,7
177,98,-1.000000000000000,-1,0,7,7
181,100,-1.000000000000000,-1,0,14,7
175,103,-1.000000000000000,-1,0,9,7
171,104,-1.000000000000000,-1,0,7,7
158,105,-1.000000000000000,-1,0,13,7
164,105,-1.000000000000000,-1,0,8,7
179,107,-1.000000000000000,-1,0,12,7
164,108,-1.000000000000000,-1,0,7,7
170,108,-1.000000000000000,-1,0,12,7
181,109,-1.000000000000000,-1,0,17,7
167,111,-1.000000000000000,-1,0,11,7
183,112,-1.000000000000000,-1,0,10,7
180,113,-1.000000000000000,-1,0,7,7
187,114,-1.000000000000000,-1,0,12,7
178,115,-1.000000000000000,-1,0,9,7
164,117,-1.000000000000000,-1,0,9,7
177,117,-1.000000000000000,-1,0,9,7
160,118,-1.000000000000000,-1,0,13,7
166,118,-1.000000000000000,-1,0,7,7
179,118,-1.000000000000000,-1,0,13,7
185,118,-1.000000000000000,-1,0,8,7
158,119,-1.000000000000000,-1,0,9,7
169,120,-1.000000000000000,-1,0,13,7
174,120,-1.000000000000000,-1,0,9,7
179,122,-1.000000000000000,-1,0,14,7
183,123,-1.000000000000000,-1,0,8,7
187,123,-1.000000000000000,-1,0,10,7
159,124,-1.000000000000000,-1,0,7,7
163,126,-1.000000000000000,-1,0,10,7
166,126,-1.000000000000000,-1,0,11,7
195,96,-1.000000000000000,-1,0,7,7
197,98,-1.000000000000000,-1,0,8,7
219,98,-1.000000000000000,-1,0,10,7
190,99,-1.000000000000000,-1,0,11,7
194,99,-1.000000000000000,-1,0,7,7
203,99,-1.000000000000000,-1,0,9,7
209,100,-1.000000000000000,-1,0,9,7
215,100,-1.000000000000000,-1,0,11,7
199,101,-1.000000000000000,-1,0,15,7
196,102,-1.000000000000000,-1,0,8,7
205,103,-1.000000000000000,-1,0,7,7
204,106,-1.000000000000000,-1,0,7,7
216,108,-1.000000000000000,-1,0,7,7
213,110,-1.000000000000000,-1,0,7,7
200,112,-1.000000000000000,-1,0,7,7
209,114,-1.000000000000000,-1,0,16,7
216,115,-1.000000000000000,-1,0,8,7
196,116,-1.000000000000000,-1,0,8,7
218,117,-1.000000000000000,-1,0,7,7
197,120,-1.000000000000000,-1,0,8,7
191,121,-1.000000000000000,-1,0,14,7
205,122,-1.000000000000000,-1,0,12,7
216,123,-1.000000000000000,-1,0,10,7
195,124,-1.000000000000000,-1,0,10,7
207,124,-1.000000000000000,-1,0,10,7
217,125,-1.000000000000000,-1,0,8,7
191,126,-1.000000000000000,-1,0,11,7
215,126,-1.000000000000000,-1,0,10,7
222,96,-1.000000000000000,-1,0,7,7
233,97,-1.000000000000000,-1,0,8,7
239,98,-1.000000000000000,-1,0,10,7
237,101,-1.000000000000000,-1,0,17,7
225,102,-1.000000000000000,-1,0,7,7
235,103,-1.000000000000000,-1,0,8,7
244,103,-1.000000000000000,-1,0,7,7
238,108,-1.000000000000000,-1,0,18,7
232,109,-1.000000000000000,-1,0,9,7
228,111,-1.000000000000000,-1,0,16,7
222,115,-1.000000000000000,-1,0,7,7
235,115,-1.000000000000000,-1,0,9,7
250,115,-1.000000000000000,-1,0,17,7
220,116,-1.000000000000000,-1,0,11,7
232,116,-1.000000000000000,-1,0,11,7
245,116,-1.000000000000000,-1,0,9,7
232,119,-1.000000000000000,-1,0,7,7
249,119,-1.000000000000000,-1,0,12,7
237,121,-1.000000000000000,-1,0,10,7
229,122,-1.000000000000000,-1,0,7,7
233,122,-1.000000000000000,-1,0,7,7
239,122,-1.000000000000000,-1,0,9,7
245,123,-1.000000000000000,-1,0,7,7
222,125,-1.000000000000000,-1,0,10,7
240,125,-1.000000000000000,-1,0,10,7
238,126,-1.000000000000000,-1,0,9,7
257,96,-1.000000000000000,-1,0,17,7
281,96,-1.000000000000000,-1,0,9,7
253,100,-1.000000000000000,-1,0,10,7
258,100,-1.000000000000000,-1,0,9,7
275,100,-1.000000000000000,-1,0,12,7
279,102,-1.000000000000000,-1,0,9,7
274,103,-1.000000000000000,-1,0,8,7
262,104,-1.000000000000000,-1,0,16,7
256,105,-1.000000000000000,-1,0,10,7
272,105,-1.000000000000000,-1,0,10,7
252,106,-1.000000000000000,-1,0,11,7
259,106,-1.000000000000000,-1,0,8,7
280,106,-1.000000000000000,-1,0,9,7
259,108,-1.000000000000000,-1,0,7,7
269,109,-1.000000000000000,-1,0,9,7
273,109,-1.000000000000000,-1,0,13,7
281,110,-1.000000000000000,-1,0,7,7
272,112,-1.000000000000000,-1,0,8,7
267,113,-1.000000000000000,-1,0,13,7
251,114,-1.000000000000000,-1,0,14,7
281,115,-1.000000000000000,-1,0,7,7
261,116,-1.000000000000000,-1,0,14,7
269,117,-1.000000000000000,-1,0,7,7
251,118,-1.000000000000000,-1,0,9,7
271,120,-1.000000000000000,-1,0,9,7
280,121,-1.000000000000000,-1,0,9,7
256,123,-1.000000000000000,-1,0,11,7
264,123,-1.000000000000000,-1,0,13,7
266,123,-1.000000000000000,-1,0,9,7
270,125,-1.000000000000000,-1,0,12,7
281,125,-1.000000000000000,-1,0,10,7
307,97,-1.000000000000000,-1,0,8,7
310,97,-1.000000000000000,-1,0,10,7
286,98,-1.000000000000000,-1,0,9,7
303,100,-1.000000000000000,-1,0,7,7
311,101,-1.000000000000000,-1,0,8,7
289,102,-1.000000000000000,-1,0,7,7
296,103,-1.000000000000000,-1,0,7,7
287,105,-1.000000000000000,-1,0,8,7
305,105,-1.000000000000000,-1,0,8,7
302,107,-1.000000000000000,-1,0,11,7
283,108,-1.000000000000000,-1,0,11,7
294,108,-1.000000000000000,-1,0,12,7
307,108,-1.000000000000000,-1,0,8,7
310,111,-1.000000000000000,-1,0,12,7
284,112,-1.000000000000000,-1,0,15,7
295,112,-1.000000000000000,-1,0,10,7
304,113,-1.000000000000000,-1,0,7,7
290,114,-1.000000000000000,-1,0,7,7
300,114,-1.000000000000000,-1,0,7,7
282,115,-1.000000000000000,-1,0,8,7
312,116,-1.000000000000000,-1,0,7,7
290,118,-1.000000000000000,-1,0,16,7
282,119,-1.000000000000000,-1,0,9,7
284,121,-1.000000000000000,-1,0,8,7
288,122,-1.000000000000000,-1,0,11,7
298,123,-1.000000000000000,-1,0,9,7
300,123,-1.000000000000000,-1,0,7,7
284,124,-1.000000000000000,-1,0,10,7
298,125,-1.000000000000000,-1,0,8,7
310,126,-1.000000000000000,-1,0,12,7
314,98,-1.000000000000000,-1,0,9,7
330,101,-1.000000000000000,-1,0,8,7
323,103,-1.000000000000000,-1,0,7,7
333,104,-1.000000000000000,-1,0,8,7
342,107,-1.000000000000000,-1,0,9,7
323,108,-1.000000000000000,-1,0,7,7
329,108,-1.000000000000000,-1,0,8,7
332,109,-1.000000000000000,-1,0,7,7
339,110,-1.000000000000000,-1,0,11,7
343,110,-1.000000000000000,-1,0,14,7
317,112,-1.000000000000000,-1,0,7,7
315,113,-1.000000000000000,-1,0,13,7
330,113,-1.000000000000000,-1,0,10,7
332,113,-1.000000000000000,-1,0,7,7
342,113,-1.000000000000000,-1,0,11,7
333,117,-1.000000000000000,-1,0,7,7
314,118,-1.000000000000000,-1,0,16,7
340,118,-1.000000000000000,-1,0,9,7
329,119,-1.000000000000000,-1,0,11,7
338,122,-1.000000000000000,-1,0,10,7
330,123,-1.000000000000000,-1,0,11,7
314,124,-1.000000000000000,-1,0,9,7
319,124,-1.000000000000000,-1,0,10,7
328,125,-1.000000000000000,-1,0,11,7
316,126,-1.000000000000000,-1,0,10,7
336,126,-1.000000000000000,-1,0,11,7
342,126,-1.000000000000000,-1,0,12,7
356,96,-1.000000000000000,-1,0,7,7
365,100,-1.000000000000000,-1,0,7,7
353,101,-1.000000000000000,-1,0,9,7
347,102,-1.000000000000000,-1,0,12,7
360,104,-1.000000000000000,-1,0,8,7
352,106,-1.000000000000000,-1,0,8,7
367,107,-1.000000000000000,-1,0,12,7
364,109,-1.000000000000000,-1,0,11,7
344,110,-1.000000000000000,-1,0,11,7
349,111,-1.000000000000000,-1,0,11,7
363,113,-1.000000000000000,-1,0,7,7
372,113,-1.000000000000000,-1,0,8,7
359,116,-1.000000000000000,-1,0,8,7
366,118,-1.000000000000000,-1,0,10,7
363,120,-1.000000000000000,-1,0,11,7
345,123,-1.000000000000000,-1,0,11,7
370,125,-1.000000000000000,-1,0,11,7
346,126,-1.000000000000000,-1,0,7,7
367,126,-1.000000000000000,-1,0,12,7
385,100,-1.000000000000000,-1,0,11,7
378,109,-1.000000000000000,-1,0,8,7
376,112,-1.000000000000000,-1,0,10,7
378,120,-1.000000000000000,-1,0,8,7
383,120,-1.000000000000000,-1,0,10,7
377,123,-1.000000000000000,-1,0,11,7
393,123,-1.000000000000000,-1,0,7,7
398,124,-1.000000000000000,-1,0,9,7
24,127,-1.000000000000000,-1,0,8,7
32,127,-1.000000000000000,-1,0,12,7
13,129,-1.000000000000000,-1,0,9,7
26,129,-1.000000000000000,-1,0,13,7
3,131,-1.000000000000000,-1,0,9,7
30,131,-1.000000000000000,-1,0,9,7
12,132,-1.000000000000000,-1,0,10,7
3,135,-1.000000000000000,-1,0,12,7
30,136,-1.000000000000000,-1,0,10,7
11,137,-1.000000000000000,-1,0,15,7
26,139,-1.000000000000000,-1,0,16,7
29,139,-1.000000000000000,-1,0,9,7
33,139,-1.000000000000000,-1,0,13,7
18,140,-1.000000000000000,-1,0,13,7
3,147,-1.000000000000000,-1,0,14,7
11,148,-1.000000000000000,-1,0,11,7
30,148,-1.000000000000000,-1,0,7,7
18,150,-1.000000000000000,-1,0,14,7
26,150,-1.000000000000000,-1,0,18,7
4,155,-1.000000000000000,-1,0,8,7
28,155,-1.000000000000000,-1,0,15,7
13,156,-1.000000000000000,-1,0,7,7
29,157,-1.000000000000000,-1,0,12,7
32,157,-1.000000000000000,-1,0,16,7
47,144,-1.000000000000000,-1,0,21,7
79,148,-1.000000000000000,-1,0,21,7
103,127,-1.000000000000000,-1,0,13,7
96,128,-1.000000000000000,-1,0,9,7
105,128,-1.000000000000000,-1,0,19,7
109,128,-1.000000000000000,-1,0,12,7
112,128,-1.000000000000000,-1,0,18,7
114,128,-1.000000000000000,-1,0,9,7
125,128,-1.000000000000000,-1,0,8,7
122,129,-1.000000000000000,-1,0,13,7
116,132,-1.000000000000000,-1,0,9,7
108,134,-1.000000000000000,-1,0,19,7
113,134,-1.000000000000000,-1,0,11,7
115,134,-1.000000000000000,-1,0,7,7
97,135,-1.000000000000000,-1,0,13,7
104,135,-1.000000000000000,-1,0,10,7
119,135,-1.000000000000000,-1,0,9,7
122,135,-1.000000000000000,-1,0,8,7
116,136,-1.000000000000000,-1,0,8,7
100,137,-1.000000000000000,-1,0,13,7
112,137,-1.000000000000000,-1,0,17,7
118,138,-1.000000000000000,-1,0,11,7
102,139,-1.000000000000000,-1,0,7,7
104,140,-1.000000000000000,-1,0,11,7
114,140,-1.000000000000000,-1,0,10,7
116,140,-1.000000000000000,-1,0,12,7
106,141,-1.000000000000000,-1,0,7,7
113,142,-1.000000000000000,-1,0,9,7
107,145,-1.000000000000000,-1,0,7,7
116,146,-1.000000000000000,-1,0,10,7
124,147,-1.000000000000000,-1,0,15,7
109,148,-1.000000000000000,-1,0,10,7
102,149,-1.000000000000000,-1,0,13,7
115,149,-1.000000000000000,-1,0,10,7
108,150,-1.000000000000000,-1,0,10,7
113,150,-1.000000000000000,-1,0,15,7
126,151,-1.000000000000000,-1,0,10,7
115,152,-1.000000000000000,-1,0,14,7
99,154,-1.000000000000000,-1,0,15,7
123,154,-1.000000000000000,-1,0,8,7
126,155,-1.000000000000000,-1,0,14,7
108,157,-1.000000000000000,-1,0,13,7
114,157,-1.000000000000000,-1,0,8,7
120,157,-1.000000000000000,-1,0,18,7
140,136,-1.000000000000000,-1,0,21,7
168,128,-1.000000000000000,-1,0,7,7
184,128,-1.000000000000000,-1,0,13,7
164,130,-1.000000000000000,-1,0,12,7
182,131,-1.000000000000000,-1,0,11,7
188,131,-1.000000000000000,-1,0,11,7
178,132,-1.000000000000000,-1,0,11,7
159,133,-1.000000000000000,-1,0,11,7
175,134,-1.000000000000000,-1,0,8,7
188,134,-1.000000000000000,-1,0,12,7
184,135,-1.000000000000000,-1,0,12,7
162,137,-1.000000000000000,-1,0,8,7
164,138,-1.000000000000000,-1,0,14,7
178,138,-1.000000000000000,-1,0,9,7
185,139,-1.000000000000000,-1,0,7,7
172,140,-1.000000000000000,-1,0,14,7
182,141,-1.000000000000000,-1,0,7,7
163,142,-1.000000000000000,-1,0,10,7
188,142,-1.000000000000000,-1,0,7,7
159,144,-1.000000000000000,-1,0,10,7
174,144,-1.000000000000000,-1,0,11,7
181,144,-1.000000000000000,-1,0,8,7
158,146,-1.000000000000000,-1,0,12,7
168,147,-1.000000000000000,-1,0,15,7
173,147,-1.000000000000000,-1,0,14,7
175,147,-1.000000000000000,-1,0,8,7
180,147,-1.000000000000000,-1,0,11,7
162,148,-1.000000000000000,-1,0,9,7
185,149,-1.000000000000000,-1,0,8,7
181,150,-1.000000000000000,-1,0,17,7
166,151,-1.000000000000000,-1,0,8,7
177,151,-1.000000000000000,-1,0,13,7
179,154,-1.000000000000000,-1,0,8,7
188,154,-1.000000000000000,-1,0,8,7
170,155,-1.000000000000000,-1,0,7,7
186,155,-1.000000000000000,-1,0,7,7
188,156,-1.000000000000000,-1,0,8,7
158,157,-1.000000000000000,-1,0,11,7
164,157,-1.000000000000000,-1,0,9,7
170,157,-1.000000000000000,-1,0,10,7
176,157,-1.000000000000000,-1,0,8,7
214,144,-1.000000000000000,-1,0,22,7
204,148,-1.000000000000000,-1,0,29,7
220,129,-1.000000000000000,-1,0,8,7
225,129,-1.000000000000000,-1,0,10,7
228,130,-1.000000000000000,-1,0,7,7
234,130,-1.000000000000000,-1,0,14,7
243,130,-1.000000000000000,-1,0,13,7
221,132,-1.000000000000000,-1,0,9,7
234,132,-1.000000000000000,-1,0,14,7
245,133,-1.000000000000000,-1,0,9,7
249,133,-1.000000000000000,-1,0,10,7
230,135,-1.000000000000000,-1,0,9,7
247,135,-1.000000000000000,-1,0,7,7
232,137,-1.000000000000000,-1,0,12,7
226,139,-1.000000000000000,-1,0,12,7
248,139,-1.000000000000000,-1,0,11,7
223,140,-1.000000000000000,-1,0,12,7
229,141,-1.000000000000000,-1,0,18,7
245,141,-1.000000000000000,-1,0,8,7
249,142,-1.000000000000000,-1,0,7,7
226,143,-1.000000000000000,-1,0,9,7
242,143,-1.000000000000000,-1,0,10,7
235,145,-1.000000000000000,-1,0,13,7
230,147,-1.000000000000000,-1,0,8,7
228,148,-1.000000000000000,-1,0,7,7
240,148,-1.000000000000000,-1,0,9,7
250,149,-1.000000000000000,-1,0,19,7
235,151,-1.000000000000000,-1,0,8,7
247,152,-1.000000000000000,-1,0,16,7
249,152,-1.000000000000000,-1,0,9,7
241,155,-1.000000000000000,-1,0,12,7
247,155,-1.000000000000000,-1,0,14,7
232,156,-1.000000000000000,-1,0,12,7
250,156,-1.000000000000000,-1,0,18,7
224,157,-1.000000000000000,-1,0,10,7
234,157,-1.000000000000000,-1,0,13,7
271,146,-1.000000000000000,-1,0,22,7
303,131,-1.000000000000000,-1,0,15,7
294,132,-1.000000000000000,-1,0,7,7
290,134,-1.000000000000000,-1,0,11,7
310,134,-1.000000000000000,-1,0,10,7
304,135,-1.000000000000000,-1,0,9,7
303,137,-1.000000000000000,-1,0,8,7
301,140,-1.000000000000000,-1,0,15,7
307,141,-1.000000000000000,-1,0,17,7
311,141,-1.000000000000000,-1,0,9,7
283,142,-1.000000000000000,-1,0,13,7
288,142,-1.000000000000000,-1,0,8,7
295,143,-1.000000000000000,-1,0,10,7
290,145,-1.000000000000000,-1,0,9,7
308,145,-1.000000000000000,-1,0,11,7
312,145,-1.000000000000000,-1,0,12,7
306,148,-1.000000000000000,-1,0,9,7
311,149,-1.000000000000000,-1,0,7,7
290,150,-1.000000000000000,-1,0,14,7
307,151,-1.000000000000000,-1,0,10,7
302,152,-1.000000000000000,-1,0,10,7
311,153,-1.000000000000000,-1,0,11,7
294,154,-1.000000000000000,-1,0,8,7
286,156,-1.000000000000000,-1,0,8,7
306,156,-1.000000000000000,-1,0,8,7
308,156,-1.000000000000000,-1,0,8,7
310,156,-1.000000000000000,-1,0,12,7
289,157,-1.000000000000000,-1,0,7,7
298,157,-1.000000000000000,-1,0,15,7
312,157,-1.000000000000000,-1,0,8,7
316,127,-1.000000000000000,-1,0,11,7
320,128,-1.000000000000000,-1,0,10,7
330,129,-1.000000000000000,-1,0,8,7
343,129,-1.000000000000000,-1,0,14,7
318,131,-1.000000000000000,-1,0,10,7
325,132,-1.000000000000000,-1,0,7,7
338,132,-1.000000000000000,-1,0,11,7
342,133,-1.000000000000000,-1,0,9,7
334,134,-1.000000000000000,-1,0,11,7
329,135,-1.000000000000000,-1,0,7,7
322,136,-1.000000000000000,-1,0,12,7
343,137,-1.000000000000000,-1,0,9,7
324,138,-1.000000000000000,-1,0,13,7
337,139,-1.000000000000000,-1,0,8,7
315,140,-1.000000000000000,-1,0,8,7
319,141,-1.000000000000000,-1,0,15,7
326,143,-1.000000000000000,-1,0,13,7
338,143,-1.000000000000000,-1,0,8,7
341,143,-1.000000000000000,-1,0,12,7
331,147,-1.000000000000000,-1,0,10,7
323,148,-1.000000000000000,-1,0,13,7
334,148,-1.000000000000000,-1,0,7,7
340,148,-1.000000000000000,-1,0,8,7
329,150,-1.000000000000000,-1,0,9,7
333,151,-1.000000000000000,-1,0,13,7
317,154,-1.000000000000000,-1,0,11,7
323,154,-1.000000000000000,-1,0,10,7
343,154,-1.000000000000000,-1,0,8,7
319,155,-1.000000000000000,-1,0,8,7
328,155,-1.000000000000000,-1,0,18,7
324,156,-1.000000000000000,-1,0,7,7
331,156,-1.000000000000000,-1,0,13,7
313,157,-1.000000000000000,-1,0,11,7
341,157,-1.000000000000000,-1,0,10,7
369,141,-1.000000000000000,-1,0,20,7
398,128,-1.000000000000000,-1,0,9,7
387,133,-1.000000000000000,-1,0,7,7
387,135,-1.000000000000000,-1,0,7,7
390,136,-1.000000000000000,-1,0,8,7
378,142,-1.000000000000000,-1,0,7,7
375,146,-1.000000000000000,-1,0,7,7
386,148,-1.000000000000000,-1,0,10,7
391,149,-1.000000000000000,-1,0,11,7
376,150,-1.000000000000000,-1,0,7,7
388,157,-1.000000000000000,-1,0,8,7
391,157,-1.000000000000000,-1,0,11,7
18,162,-1.000000000000000,-1,0,22,7
17,169,-1.000000000000000,-1,0,22,7
33,177,-1.000000000000000,-1,0,20,7
44,181,-1.000000000000000,-1,0,25,7
59,181,-1.000000000000000,-1,0,20,7
67,186,-1.000000000000000,-1,0,23,7
96,165,-1.000000000000000,-1,0,21,7
116,166,-1.000000000000000,-1,0,23,7
124,177,-1.000000000000000,-1,0,23,7
154,165,-1.000000000000000,-1,0,23,7
160,168,-1.000000000000000,-1,0,20,7
177,168,-1.000000000000000,-1,0,21,7
180,183,-1.000000000000000,-1,0,24,7
179,185,-1.000000000000000,-1,0,24,7
189,158,-1.000000000000000,-1,0,16,7
202,158,-1.000000000000000,-1,0,9,7
212,158,-1.000000000000000,-1,0,7,7
194,161,-1.000000000000000,-1,0,14,7
191,162,-1.000000000000000,-1,0,12,7
210,162,-1.000000000000000,-1,0,16,7
189,163,-1.000000000000000,-1,0,14,7
201,163,-1.000000000000000,-1,0,9,7
203,165,-1.000000000000000,-1,0,18,7
216,165,-1.000000000000000,-1,0,9,7
208,166,-1.000000000000000,-1,0,12,7
193,167,-1.000000000000000,-1,0,12,7
206,167,-1.000000000000000,-1,0,8,7
200,168,-1.000000000000000,-1,0,7,7
189,169,-1.000000000000000,-1,0,12,7
199,170,-1.000000000000000,-1,0,12,7
216,170,-1.000000000000000,-1,0,10,7
207,171,-1.000000000000000,-1,0,8,7
214,171,-1.000000000000000,-1,0,12,7
217,173,-1.000000000000000,-1,0,9,7
199,174,-1.000000000000000,-1,0,7,7
203,174,-1.000000000000000,-1,0,14,7
208,175,-1.000000000000000,-1,0,17,7
191,176,-1.000000000000000,-1,0,10,7
205,178,-1.000000000000000,-1,0,9,7
192,179,-1.000000000000000,-1,0,15,7
213,179,-1.000000000000000,-1,0,14,7
218,179,-1.000000000000000,-1,0,8,7
209,181,-1.000000000000000,-1,0,7,7
217,181,-1.000000000000000,-1,0,12,7
189,183,-1.000000000000000,-1,0,8,7
192,183,-1.000000000000000,-1,0,17,7
195,183,-1.000000000000000,-1,0,16,7
213,184,-1.000000000000000,-1,0,15,7
217,184,-1.000000000000000,-1,0,17,7
200,185,-1.000000000000000,-1,0,11,7
210,185,-1.000000000000000,-1,0,10,7
206,186,-1.000000000000000,-1,0,11,7
190,188,-1.000000000000000,-1,0,13,7
196,188,-1.000000000000000,-1,0,11,7
200,188,-1.000000000000000,-1,0,17,7
206,188,-1.000000000000000,-1,0,11,7
248,170,-1.000000000000000,-1,0,27,7
228,186,-1.000000000000000,-1,0,27,7
245,186,-1.000000000000000,-1,0,20,7
247,188,-1.000000000000000,-1,0,20,7
279,166,-1.000000000000000,-1,0,20,7
298,158,-1.000000000000000,-1,0,10,7
312,158,-1.000000000000000,-1,0,11,7
285,159,-1.000000000000000,-1,0,12,7
292,159,-1.000000000000000,-1,0,16,7
301,159,-1.000000000000000,-1,0,9,7
295,160,-1.000000000000000,-1,0,17,7
310,162,-1.000000000000000,-1,0,15,7
301,163,-1.000000000000000,-1,0,7,7
284,164,-1.000000000000000,-1,0,11,7
298,165,-1.000000000000000,-1,0,18,7
303,166,-1.000000000000000,-1,0,8,7
308,167,-1.000000000000000,-1,0,8,7
287,168,-1.000000000000000,-1,0,7,7
312,168,-1.000000000000000,-1,0,13,7
296,171,-1.000000000000000,-1,0,12,7
282,172,-1.000000000000000,-1,0,7,7
293,172,-1.000000000000000,-1,0,12,7
304,172,-1.000000000000000,-1,0,10,7
311,173,-1.000000000000000,-1,0,18,7
294,174,-1.000000000000000,-1,0,13,7
298,175,-1.000000000000000,-1,0,12,7
307,175,-1.000000000000000,-1,0,13,7
283,176,-1.000000000000000,-1,0,7,7
295,177,-1.000000000000000,-1,0,10,7
310,178,-1.000000000000000,-1,0,10,7
284,180,-1.000000000000000,-1,0,7,7
308,180,-1.000000000000000,-1,0,13,7
289,181,-1.000000000000000,-1,0,10,7
291,182,-1.000000000000000,-1,0,7,7
304,182,-1.000000000000000,-1,0,9,7
311,182,-1.000000000000000,-1,0,15,7
293,183,-1.000000000000000,-1,0,15,7
291,184,-1.000000000000000,-1,0,7,7
308,185,-1.000000000000000,-1,0,17,7
304,186,-1.000000000000000,-1,0,11,7
284,187,-1.000000000000000,-1,0,11,7
286,188,-1.000000000000000,-1,0,8,7
310,188,-1.000000000000000,-1,0,12,7
319,175,-1.000000000000000,-1,0,20,7
315,179,-1.000000000000000,-1,0,20,7
351,158,-1.000000000000000,-1,0,14,7
358,159,-1.000000000000000,-1,0,8,7
353,162,-1.000000000000000,-1,0,9,7
346,164,-1.000000000000000,-1,0,10,7
366,165,-1.000000000000000,-1,0,16,7
359,166,-1.000000000000000,-1,0,7,7
348,167,-1.000000000000000,-1,0,8,7
361,169,-1.000000000000000,-1,0,14,7
347,170,-1.000000000000000,-1,0,11,7
363,170,-1.000000000000000,-1,0,14,7
361,171,-1.000000000000000,-1,0,15,7
352,173,-1.000000000000000,-1,0,14,7
366,173,-1.000000000000000,-1,0,8,7
362,175,-1.000000000000000,-1,0,8,7
373,175,-1.000000000000000,-1,0,8,7
357,177,-1.000000000000000,-1,0,10,7
370,177,-1.000000000000000,-1,0,11,7
352,178,-1.000000000000000,-1,0,10,7
363,179,-1.000000000000000,-1,0,9,7
372,179,-1.000000000000000,-1,0,7,7
356,182,-1.000000000000000,-1,0,14,7
363,182,-1.000000000000000,-1,0,14,7
366,183,-1.000000000000000,-1,0,7,7
358,184,-1.000000000000000,-1,0,11,7
344,187,-1.000000000000000,-1,0,12,7
355,188,-1.000000000000000,-1,0,16,7
391,158,-1.000000000000000,-1,0,9,7
380,165,-1.000000000000000,-1,0,8,7
389,165,-1.000000000000000,-1,0,11,7
398,165,-1.000000000000000,-1,0,9,7
381,169,-1.000000000000000,-1,0,17,7
390,169,-1.000000000000000,-1,0,7,7
394,175,-1.000000000000000,-1,0,8,7
399,175,-1.000000000000000,-1,0,8,7
397,177,-1.000000000000000,-1,0,8,7
378,181,-1.000000000000000,-1,0,14,7
390,183,-1.000000000000000,-1,0,8,7
380,186,-1.000000000000000,-1,0,7,7
393,188,-1.000000000000000,-1,0,7,7
17,199,-1.000000000000000,-1,0,25,7
18,201,-1.000000000000000,-1,0,21,7
57,190,-1.000000000000000,-1,0,22,7
63,201,-1.000000000000000,-1,0,23,7
64,203,-1.000000000000000,-1,0,22,7
35,210,-1.000000000000000,-1,0,20,7
64,210,-1.000000000000000,-1,0,22,7
64,216,-1.000000000000000,-1,0,26,7
69,194,-1.000000000000000,-1,0,21,7
125,189,-1.000000000000000,-1,0,20,7
105,212,-1.000000000000000,-1,0,22,7
153,199,-1.000000000000000,-1,0,20,7
129,209,-1.000000000000000,-1,0,20,7
155,213,-1.000000000000000,-1,0,22,7
178,195,-1.000000000000000,-1,0,20,7
180,198,-1.000000000000000,-1,0,21,7
176,204,-1.000000000000000,-1,0,26,7
206,209,-1.000000000000000,-1,0,21,7
243,197,-1.000000000000000,-1,0,24,7
226,198,-1.000000000000000,-1,0,20,7
249,199,-1.000000000000000,-1,0,22,7
228,212,-1.000000000000000,-1,0,21,7
257,216,-1.000000000000000,-1,0,22,7
264,216,-1.000000000000000,-1,0,21,7
300,215,-1.000000000000000,-1,0,21,7
317,199,-1.000000000000000,-1,0,21,7
325,200,-1.000000000000000,-1,0,22,7
373,196,-1.000000000000000,-1,0,25,7
358,199,-1.000000000000000,-1,0,23,7
377,189,-1.000000000000000,-1,0,7,7
380,189,-1.000000000000000,-1,0,7,7
393,190,-1.000000000000000,-1,0,12,7
396,191,-1.000000000000000,-1,0,8,7
392,194,-1.000000000000000,-1,0,13,7
377,195,-1.000000000000000,-1,0,9,7
389,195,-1.000000000000000,-1,0,13,7
375,199,-1.000000000000000,-1,0,12,7
385,199,-1.000000000000000,-1,0,19,7
396,199,-1.000000000000000,-1,0,10,7
380,200,-1.000000000000000,-1,0,11,7
383,204,-1.000000000000000,-1,0,8,7
386,207,-1.000000000000000,-1,0,9,7
393,207,-1.000000000000000,-1,0,8,7
375,208,-1.000000000000000,-1,0,10,7
390,209,-1.000000000000000,-1,0,8,7
392,212,-1.000000000000000,-1,0,7,7
399,214,-1.000000000000000,-1,0,9,7
386,215,-1.000000000000000,-1,0,9,7
379,217,-1.000000000000000,-1,0,7,7
391,217,-1.000000000000000,-1,0,11,7
383,219,-1.000000000000000,-1,0,11,7
28,220,-1.000000000000000,-1,0,21,7
33,221,-1.000000000000000,-1,0,21,7
50,225,-1.000000000000000,-1,0,27,7
47,232,-1.000000000000000,-1,0,20,7
71,229,-1.000000000000000,-1,0,21,7
86,235,-1.000000000000000,-1,0,20,7
96,223,-1.000000000000000,-1,0,26,7
111,226,-1.000000000000000,-1,0,21,7
96,238,-1.000000000000000,-1,0,23,7
151,226,-1.000000000000000,-1,0,25,7
134,231,-1.000000000000000,-1,0,26,7
166,241,-1.000000000000000,-1,0,25,7
206,223,-1.000000000000000,-1,0,21,7
199,224,-1.000000000000000,-1,0,25,7
212,228,-1.000000000000000,-1,0,21,7
215,233,-1.000000000000000,-1,0,21,7
233,226,-1.000000000000000,-1,0,23,7
236,228,-1.000000000000000,-1,0,22,7
228,240,-1.000000000000000,-1,0,21,7
254,220,-1.000000000000000,-1,0,11,7
266,220,-1.000000000000000,-1,0,12,7
275,220,-1.000000000000000,-1,0,16,7
279,221,-1.000000000000000,-1,0,12,7
274,222,-1.000000000000000,-1,0,14,7
263,223,-1.000000000000000,-1,0,10,7
271,223,-1.000000000000000,-1,0,8,7
277,223,-1.000000000000000,-1,0,13,7
281,225,-1.000000000000000,-1,0,11,7
271,226,-1.000000000000000,-1,0,15,7
259,227,-1.000000000000000,-1,0,11,7
281,229,-1.000000000000000,-1,0,7,7
253,230,-1.000000000000000,-1,0,13,7
274,230,-1.000000000000000,-1,0,12,7
262,231,-1.000000000000000,-1,0,9,7
277,233,-1.000000000000000,-1,0,16,7
279,234,-1.000000000000000,-1,0,10,7
278,236,-1.000000000000000,-1,0,10,7
281,236,-1.000000000000000,-1,0,15,7
251,237,-1.000000000000000,-1,0,18,7
274,237,-1.000000000000000,-1,0,16,7
271,238,-1.000000000000000,-1,0,8,7
279,239,-1.000000000000000,-1,0,16,7
252,240,-1.000000000000000,-1,0,12,7
274,241,-1.000000000000000,-1,0,14,7
261,242,-1.000000000000000,-1,0,13,7
267,242,-1.000000000000000,-1,0,7,7
270,242,-1.000000000000000,-1,0,11,7
293,221,-1.000000000000000,-1,0,21,7
328,229,-1.000000000000000,-1,0,32,7
338,235,-1.000000000000000,-1,0,22,7
359,234,-1.000000000000000,-1,0,21,7
383,220,-1.000000000000000,-1,0,10,7
392,220,-1.000000000000000,-1,0,7,7
388,222,-1.000000000000000,-1,0,8,7
397,222,-1.000000000000000,-1,0,7,7
378,226,-1.000000000000000,-1,0,7,7
393,226,-1.000000000000000,-1,0,7,7
391,227,-1.000000000000000,-1,0,9,7
393,228,-1.000000000000000,-1,0,7,7
383,231,-1.000000000000000,-1,0,9,7
388,231,-1.000000000000000,-1,0,12,7
375,233,-1.000000000000000,-1,0,11,7
393,233,-1.000000000000000,-1,0,12,7
385,234,-1.000000000000000,-1,0,8,7
381,238,-1.000000000000000,-1,0,12,7
391,239,-1.000000000000000,-1,0,10,7
380,240,-1.000000000000000,-1,0,13,7
382,242,-1.000000000000000,-1,0,11,7
390,242,-1.000000000000000,-1,0,11,7
398,242,-1.000000000000000,-1,0,7,7
